{
    "joint_pose": [
        -0.20359746009215973,
        0.04795378208260413,
        -0.0007449272736942699,
        -2.1093183043514365,
        0.19591167982798183,
        1.865675144128689,
        0.437249660195379
    ],
    "O_T_EE": [
        0.9718519122955013,
        0.028751424677421724,
        -0.2337926761111804,
        0.48547641866029967,
        0.08602137653366852,
        -0.9672833543862132,
        0.23863167932409274,
        -0.06567196391259617,
        -0.21928276322601872,
        -0.25202582170798027,
        -0.942547561781227,
        0.27686149189123493,
        0.0,
        0.0,
        0.0,
        1.0
    ],
    "camera_intrinsics": [
        [
            633.8876342773438,
            0.0,
            641.9505615234375
        ],
        [
            0.0,
            633.3662109375,
            358.99456787109375
        ],
        [
            0.0,
            0.0,
            1.0
        ]
    ],
    "dist_coeffs": [
        -0.06063492223620415,
        0.07267043739557266,
        -0.000246976938797161,
        0.0005311704007908702,
        -0.02355414256453514
    ],
    "charuco_detected": true,
    "T_cam_target_rvec": [
        [
            0.008080254855394237
        ],
        [
            0.4292133506872443
        ],
        [
            -1.5439813870296748
        ]
    ],
    "T_cam_target_tvec": [
        [
            -0.12360634990325536
        ],
        [
            0.044777801596901194
        ],
        [
            0.392051967509868
        ]
    ]
}