{
    "joint_pose": [
        -0.20356382666554307,
        0.04892123020711966,
        -0.0006134850271040821,
        -2.1109583076541645,
        0.19645920416314744,
        1.8661688921055946,
        0.4367635724975003
    ],
    "O_T_EE": [
        0.9714173759978352,
        0.028508012102213983,
        -0.23562128647148156,
        0.4849775198769751,
        0.08646165233450623,
        -0.9670380753558869,
        0.2394652259320043,
        -0.06540397337265891,
        -0.22102807782333067,
        -0.2529928871711027,
        -0.9418805736030754,
        0.2757744412488255,
        0.0,
        0.0,
        0.0,
        1.0
    ],
    "camera_intrinsics": [
        [
            634.578369140625,
            0.0,
            641.9505615234375
        ],
        [
            0.0,
            634.056396484375,
            358.99456787109375
        ],
        [
            0.0,
            0.0,
            1.0
        ]
    ],
    "dist_coeffs": [
        -0.06063492223620415,
        0.07267043739557266,
        -0.000246976938797161,
        0.0005311704007908702,
        -0.02355414256453514
    ],
    "charuco_detected": true,
    "T_cam_target_rvec": [
        [
            0.01894681057539468
        ],
        [
            0.4297003277169526
        ],
        [
            -1.5077162565012812
        ]
    ],
    "T_cam_target_tvec": [
        [
            -0.12474971010370857
        ],
        [
            0.03720207673845172
        ],
        [
            0.3903843476001749
        ]
    ]
}