{
    "joint_pose": [
        -0.20358794763951082,
        0.04888064407988592,
        -0.0006423923124922955,
        -2.110952969540244,
        0.19637231827444498,
        1.866166498331745,
        0.4367793315682146
    ],
    "O_T_EE": [
        0.9714243423038925,
        0.028495543077241635,
        -0.23559407195491525,
        0.48497306787042177,
        0.0864243707620913,
        -0.9670599699327159,
        0.23939025239970202,
        -0.06544476932360534,
        -0.22101204089151893,
        -0.2529105879153258,
        -0.9419064392580131,
        0.27579376392380806,
        0.0,
        0.0,
        0.0,
        1.0
    ],
    "camera_intrinsics": [
        [
            634.578369140625,
            0.0,
            641.9505615234375
        ],
        [
            0.0,
            634.056396484375,
            358.99456787109375
        ],
        [
            0.0,
            0.0,
            1.0
        ]
    ],
    "dist_coeffs": [
        -0.06063492223620415,
        0.07267043739557266,
        -0.000246976938797161,
        0.0005311704007908702,
        -0.02355414256453514
    ],
    "charuco_detected": true,
    "T_cam_target_rvec": [
        [
            0.019922090817970042
        ],
        [
            0.43023663728724054
        ],
        [
            -1.5078588001031739
        ]
    ],
    "T_cam_target_tvec": [
        [
            -0.12480078768673951
        ],
        [
            0.037229562566408386
        ],
        [
            0.39048766153984693
        ]
    ]
}