{
    "joint_pose": [
        -0.20356503774596058,
        0.04891237379457987,
        -0.0006728249000961092,
        -2.1109749291070647,
        0.19646747781733828,
        1.8661457246938056,
        0.4367498901067816
    ],
    "O_T_EE": [
        0.9714159794369442,
        0.028454787478649064,
        -0.23563347779493357,
        0.48496348875017337,
        0.08641809087618002,
        -0.9670354657002287,
        0.23949148801685713,
        -0.06542926001469578,
        -0.22105125053952293,
        -0.25300885369625936,
        -0.9418708464060962,
        0.2757719282874286,
        0.0,
        0.0,
        0.0,
        1.0
    ],
    "camera_intrinsics": [
        [
            634.578369140625,
            0.0,
            641.9505615234375
        ],
        [
            0.0,
            634.056396484375,
            358.99456787109375
        ],
        [
            0.0,
            0.0,
            1.0
        ]
    ],
    "dist_coeffs": [
        -0.06063492223620415,
        0.07267043739557266,
        -0.000246976938797161,
        0.0005311704007908702,
        -0.02355414256453514
    ],
    "charuco_detected": true,
    "T_cam_target_rvec": [
        [
            0.01863575327474575
        ],
        [
            0.43057526109909133
        ],
        [
            -1.507561096163892
        ]
    ],
    "T_cam_target_tvec": [
        [
            -0.12473920610670833
        ],
        [
            0.03712155793012384
        ],
        [
            0.39049337107228055
        ]
    ]
}