{
    "joint_pose": [
        -0.2035944232668793,
        0.049189110798271075,
        -0.00046975330242634796,
        -2.111816764965392,
        0.19679618975188995,
        1.8665928985370719,
        0.4366060640447669
    ],
    "O_T_EE": [
        0.9712821275225834,
        0.028358654543838673,
        -0.23619618217279742,
        0.48476886722602613,
        0.0865588657821453,
        -0.9669323205455799,
        0.23985684229546558,
        -0.06525711234406686,
        -0.2215837052017165,
        -0.2534135377165389,
        -0.9416369038706178,
        0.27532748196935763,
        0.0,
        0.0,
        0.0,
        1.0
    ],
    "camera_intrinsics": [
        [
            633.8876342773438,
            0.0,
            641.9505615234375
        ],
        [
            0.0,
            633.3662109375,
            358.99456787109375
        ],
        [
            0.0,
            0.0,
            1.0
        ]
    ],
    "dist_coeffs": [
        -0.06063492223620415,
        0.07267043739557266,
        -0.000246976938797161,
        0.0005311704007908702,
        -0.02355414256453514
    ],
    "charuco_detected": true,
    "T_cam_target_rvec": [
        [
            0.015432570484417926
        ],
        [
            0.42993684232756396
        ],
        [
            -1.5082886834983267
        ]
    ],
    "T_cam_target_tvec": [
        [
            -0.12405479065404705
        ],
        [
            0.037144893155641644
        ],
        [
            0.38898181744440674
        ]
    ]
}