{
    "joint_pose": [
        -0.2910618615507065,
        0.11125262060014453,
        -0.0006499195416372945,
        -1.8830186297600726,
        0.3129059865001581,
        1.6096302964422438,
        0.07284547627303335
    ],
    "O_T_EE": [
        0.9266923255098907,
        0.2789293951505049,
        -0.2518366421460534,
        0.5046614193760852,
        0.3617422768803892,
        -0.8436494831998923,
        0.39671381574567294,
        -0.08506216069648342,
        -0.10180670832352473,
        -0.458731608807085,
        -0.8827210511079414,
        0.33640644791314,
        0.0,
        0.0,
        0.0,
        1.0
    ],
    "camera_intrinsics": [
        [
            634.578369140625,
            0.0,
            641.9505615234375
        ],
        [
            0.0,
            634.056396484375,
            358.99456787109375
        ],
        [
            0.0,
            0.0,
            1.0
        ]
    ],
    "dist_coeffs": [
        -0.06063492223620415,
        0.07267043739557266,
        -0.000246976938797161,
        0.0005311704007908702,
        -0.02355414256453514
    ],
    "charuco_detected": true,
    "T_cam_target_rvec": [
        [
            -0.16548365863151926
        ],
        [
            0.5296455479242704
        ],
        [
            -1.2041488798532027
        ]
    ],
    "T_cam_target_tvec": [
        [
            -0.05407040142274387
        ],
        [
            0.014149680942610975
        ],
        [
            0.47123966215630453
        ]
    ]
}