{
    "joint_pose": [
        -0.29122092712986153,
        0.11047152745711268,
        -0.0006965787524650693,
        -1.8819773748098254,
        0.31381412518958124,
        1.6090450296931795,
        0.07219812969697968
    ],
    "O_T_EE": [
        0.9268093463099132,
        0.27985526575787784,
        -0.2503745587084889,
        0.5048937428843897,
        0.3619552808620042,
        -0.8433033617286413,
        0.39725508180111907,
        -0.08503615843357823,
        -0.09996778055907408,
        -0.45880411640041774,
        -0.8828935271790792,
        0.33726363269441695,
        0.0,
        0.0,
        0.0,
        1.0
    ],
    "camera_intrinsics": [
        [
            633.8876342773438,
            0.0,
            641.9505615234375
        ],
        [
            0.0,
            633.3662109375,
            358.99456787109375
        ],
        [
            0.0,
            0.0,
            1.0
        ]
    ],
    "dist_coeffs": [
        -0.06063492223620415,
        0.07267043739557266,
        -0.000246976938797161,
        0.0005311704007908702,
        -0.02355414256453514
    ],
    "charuco_detected": true,
    "T_cam_target_rvec": [
        [
            -0.1806630252652328
        ],
        [
            0.5263551690125334
        ],
        [
            -1.2386888938710254
        ]
    ],
    "T_cam_target_tvec": [
        [
            -0.05418801702782081
        ],
        [
            0.02174218330807413
        ],
        [
            0.47219547248761523
        ]
    ]
}