{
    "joint_pose": [
        -0.29077186423017265,
        0.11153800477195164,
        -0.000535725660180311,
        -1.8834463066803782,
        0.3124577823342428,
        1.6100146494375336,
        0.07336236185498263
    ],
    "O_T_EE": [
        0.9266157220039866,
        0.27864425546942967,
        -0.25243346923243887,
        0.5046164293198993,
        0.3617176589815074,
        -0.8438521687099537,
        0.39630496248670843,
        -0.08493876222976678,
        -0.10258842925582172,
        -0.4585320524877224,
        -0.8827342297201825,
        0.33606862918825525,
        0.0,
        0.0,
        0.0,
        1.0
    ],
    "camera_intrinsics": [
        [
            633.8876342773438,
            0.0,
            641.9505615234375
        ],
        [
            0.0,
            633.3662109375,
            358.99456787109375
        ],
        [
            0.0,
            0.0,
            1.0
        ]
    ],
    "dist_coeffs": [
        -0.06063492223620415,
        0.07267043739557266,
        -0.000246976938797161,
        0.0005311704007908702,
        -0.02355414256453514
    ],
    "charuco_detected": true,
    "T_cam_target_rvec": [
        [
            -0.17097021256011627
        ],
        [
            0.5266643183285707
        ],
        [
            -1.2043287460268326
        ]
    ],
    "T_cam_target_tvec": [
        [
            -0.05383936796133438
        ],
        [
            0.014308712941394302
        ],
        [
            0.46964980090359987
        ]
    ]
}