{
    "joint_pose": [
        -0.29110407127650956,
        0.11126152624315194,
        -0.0007639996587556312,
        -1.88301894813959,
        0.312906830668885,
        1.6096064545843334,
        0.0728612889581756
    ],
    "O_T_EE": [
        0.9267473396533066,
        0.2787736416854933,
        -0.25180665761955306,
        0.504643236951308,
        0.36159069798323024,
        -0.8436965134352172,
        0.39675198540386614,
        -0.08513823747180754,
        -0.10184440327640694,
        -0.458739792060679,
        -0.8827124499272452,
        0.33640108685098585,
        0.0,
        0.0,
        0.0,
        1.0
    ],
    "camera_intrinsics": [
        [
            634.578369140625,
            0.0,
            641.9505615234375
        ],
        [
            0.0,
            634.056396484375,
            358.99456787109375
        ],
        [
            0.0,
            0.0,
            1.0
        ]
    ],
    "dist_coeffs": [
        -0.06063492223620415,
        0.07267043739557266,
        -0.000246976938797161,
        0.0005311704007908702,
        -0.02355414256453514
    ],
    "charuco_detected": true,
    "T_cam_target_rvec": [
        [
            -0.1645654328114154
        ],
        [
            0.5296504129752821
        ],
        [
            -1.204448387588206
        ]
    ],
    "T_cam_target_tvec": [
        [
            -0.05415069476841302
        ],
        [
            0.014058469598144248
        ],
        [
            0.4712796666794801
        ]
    ]
}