{
    "joint_pose": [
        -0.29106432863940235,
        0.11125776173533385,
        -0.0007202284108345605,
        -1.8830813353522278,
        0.3129260757654873,
        1.6096064481221162,
        0.0728509865237607
    ],
    "O_T_EE": [
        0.9267121623412485,
        0.27882394069362937,
        -0.25188042134078875,
        0.5046338610601825,
        0.3616731053605345,
        -0.8436542015874049,
        0.39676684690443326,
        -0.08508734959944778,
        -0.10187187997128234,
        -0.4587870368059695,
        -0.8826847243170693,
        0.3363800473817718,
        0.0,
        0.0,
        0.0,
        1.0
    ],
    "camera_intrinsics": [
        [
            634.578369140625,
            0.0,
            641.9505615234375
        ],
        [
            0.0,
            634.056396484375,
            358.99456787109375
        ],
        [
            0.0,
            0.0,
            1.0
        ]
    ],
    "dist_coeffs": [
        -0.06063492223620415,
        0.07267043739557266,
        -0.000246976938797161,
        0.0005311704007908702,
        -0.02355414256453514
    ],
    "charuco_detected": true,
    "T_cam_target_rvec": [
        [
            -0.16591362603701088
        ],
        [
            0.5301170907722755
        ],
        [
            -1.2042178057936468
        ]
    ],
    "T_cam_target_tvec": [
        [
            -0.05403530688599652
        ],
        [
            0.014076609275531794
        ],
        [
            0.4712022292412494
        ]
    ]
}