{
    "joint_pose": [
        0.5045562517782127,
        -0.4668267658049599,
        -0.0005408737272566123,
        -2.7062760625804216,
        -0.5707905860674958,
        2.151073129389021,
        1.6477062755856247
    ],
    "O_T_EE": [
        0.9750806847727088,
        -0.062496429250305616,
        0.21282263379413915,
        0.35340145199999906,
        0.02819439837651692,
        -0.9167699926887511,
        -0.39839886946456926,
        0.11614806429791188,
        0.220007911186348,
        0.3944714485709166,
        -0.8921798402532299,
        0.2775224787684269,
        0.0,
        0.0,
        0.0,
        1.0
    ],
    "camera_intrinsics": [
        [
            634.578369140625,
            0.0,
            641.9505615234375
        ],
        [
            0.0,
            634.056396484375,
            358.99456787109375
        ],
        [
            0.0,
            0.0,
            1.0
        ]
    ],
    "dist_coeffs": [
        -0.06063492223620415,
        0.07267043739557266,
        -0.000246976938797161,
        0.0005311704007908702,
        -0.02355414256453514
    ],
    "charuco_detected": true,
    "T_cam_target_rvec": [
        [
            0.18231730128091242
        ],
        [
            -0.46067114204580834
        ],
        [
            -1.5913687703169836
        ]
    ],
    "T_cam_target_tvec": [
        [
            -0.14559642086161959
        ],
        [
            0.05593134212771407
        ],
        [
            0.3060509488297331
        ]
    ]
}