{
    "joint_pose": [
        0.5047365185672198,
        -0.467330588767403,
        -0.0003886687546497884,
        -2.7045962603050366,
        -0.5718152443490322,
        2.1505679235988193,
        1.6482882680528694
    ],
    "O_T_EE": [
        0.9745714671062263,
        -0.06319513196232006,
        0.21493828687217018,
        0.3539699358906955,
        0.02839189024057503,
        -0.9168079586236518,
        -0.3982974627115106,
        0.11640467589514422,
        0.22222759273365048,
        0.3942718468288163,
        -0.8917178163713169,
        0.27847382046773966,
        0.0,
        0.0,
        0.0,
        1.0
    ],
    "camera_intrinsics": [
        [
            633.8876342773438,
            0.0,
            641.9505615234375
        ],
        [
            0.0,
            633.3662109375,
            358.99456787109375
        ],
        [
            0.0,
            0.0,
            1.0
        ]
    ],
    "dist_coeffs": [
        -0.06063492223620415,
        0.07267043739557266,
        -0.000246976938797161,
        0.0005311704007908702,
        -0.02355414256453514
    ],
    "charuco_detected": true,
    "T_cam_target_rvec": [
        [
            0.19050260703867417
        ],
        [
            -0.4592976175677738
        ],
        [
            -1.6269471501724109
        ]
    ],
    "T_cam_target_tvec": [
        [
            -0.14364496780129551
        ],
        [
            0.06435293806452214
        ],
        [
            0.30550668550024934
        ]
    ]
}