{
    "joint_pose": [
        0.5045661990848922,
        -0.46682285286480174,
        -0.0005673943081822729,
        -2.7062455434966504,
        -0.5708867466691425,
        2.151044038325943,
        1.647710331880384
    ],
    "O_T_EE": [
        0.9750712880284463,
        -0.06248433262560931,
        0.21286923394829868,
        0.3534175189319836,
        0.028237272772292328,
        -0.9167473015299265,
        -0.39844804567650316,
        0.11613674978069263,
        0.22004405602091998,
        0.39452609573403213,
        -0.8921467615447806,
        0.2775373488073353,
        0.0,
        0.0,
        0.0,
        1.0
    ],
    "camera_intrinsics": [
        [
            634.578369140625,
            0.0,
            641.9505615234375
        ],
        [
            0.0,
            634.056396484375,
            358.99456787109375
        ],
        [
            0.0,
            0.0,
            1.0
        ]
    ],
    "dist_coeffs": [
        -0.06063492223620415,
        0.07267043739557266,
        -0.000246976938797161,
        0.0005311704007908702,
        -0.02355414256453514
    ],
    "charuco_detected": true,
    "T_cam_target_rvec": [
        [
            0.18300721811708281
        ],
        [
            -0.4595464393813708
        ],
        [
            -1.591299063664385
        ]
    ],
    "T_cam_target_tvec": [
        [
            -0.1456895087486088
        ],
        [
            0.05595398124675946
        ],
        [
            0.30625717640283384
        ]
    ]
}