{
    "joint_pose": [
        0.5045301916193559,
        -0.46682481696312883,
        -0.00047699191185769635,
        -2.706195950926396,
        -0.5708890862389218,
        2.1510794236395094,
        1.6477173382079167
    ],
    "O_T_EE": [
        0.9750501839141246,
        -0.06246904443287046,
        0.21297036763057214,
        0.35343440889178124,
        0.028287744502633407,
        -0.9167562286831978,
        -0.39842392479730526,
        0.11616599423449933,
        0.220131072911559,
        0.39450777249556523,
        -0.892133397346165,
        0.2775641502768377,
        0.0,
        0.0,
        0.0,
        1.0
    ],
    "camera_intrinsics": [
        [
            634.578369140625,
            0.0,
            641.9505615234375
        ],
        [
            0.0,
            634.056396484375,
            358.99456787109375
        ],
        [
            0.0,
            0.0,
            1.0
        ]
    ],
    "dist_coeffs": [
        -0.06063492223620415,
        0.07267043739557266,
        -0.000246976938797161,
        0.0005311704007908702,
        -0.02355414256453514
    ],
    "charuco_detected": true,
    "T_cam_target_rvec": [
        [
            0.18251297477890077
        ],
        [
            -0.4606278942820366
        ],
        [
            -1.5910922596604034
        ]
    ],
    "T_cam_target_tvec": [
        [
            -0.14561976109125813
        ],
        [
            0.0560597722369437
        ],
        [
            0.3061305284819275
        ]
    ]
}