{
    "joint_pose": [
        0.5044104016705562,
        -0.4668565430933969,
        -0.0005160506524904541,
        -2.707148674580487,
        -0.5703714215689234,
        2.15145918946796,
        1.647271208139326
    ],
    "O_T_EE": [
        0.975260987686686,
        -0.06200977748013809,
        0.21213770699770618,
        0.35314172887237394,
        0.02834772296695419,
        -0.916799718007419,
        -0.39831957676318674,
        0.11604903853170087,
        0.2191874982753056,
        0.3944791647978242,
        -0.892378343549949,
        0.2771503844317157,
        0.0,
        0.0,
        0.0,
        1.0
    ],
    "camera_intrinsics": [
        [
            633.8876342773438,
            0.0,
            641.9505615234375
        ],
        [
            0.0,
            633.3662109375,
            358.99456787109375
        ],
        [
            0.0,
            0.0,
            1.0
        ]
    ],
    "dist_coeffs": [
        -0.06063492223620415,
        0.07267043739557266,
        -0.000246976938797161,
        0.0005311704007908702,
        -0.02355414256453514
    ],
    "charuco_detected": true,
    "T_cam_target_rvec": [
        [
            0.18316679803420505
        ],
        [
            -0.45681992629211726
        ],
        [
            -1.5918310332459953
        ]
    ],
    "T_cam_target_tvec": [
        [
            -0.1453107321722211
        ],
        [
            0.05545800299530654
        ],
        [
            0.3054865336832607
        ]
    ]
}