{
    "joint_pose": [
        -0.19262019691969984,
        0.09640656807966398,
        -0.0007111623662881139,
        -1.8816807018207684,
        0.06625922372606982,
        1.6408520390722485,
        0.10964144769066571
    ],
    "O_T_EE": [
        0.8578246269164174,
        0.40900147644899243,
        -0.31118694226753274,
        0.5044696891309026,
        0.46431791497678426,
        -0.8763363074477588,
        0.1281585471451204,
        -0.08501665992841166,
        -0.22028738091077643,
        -0.25442723009257473,
        -0.941667708778333,
        0.33597470391763457,
        0.0,
        0.0,
        0.0,
        1.0
    ],
    "camera_intrinsics": [
        [
            634.578369140625,
            0.0,
            641.9505615234375
        ],
        [
            0.0,
            634.056396484375,
            358.99456787109375
        ],
        [
            0.0,
            0.0,
            1.0
        ]
    ],
    "dist_coeffs": [
        -0.06063492223620415,
        0.07267043739557266,
        -0.000246976938797161,
        0.0005311704007908702,
        -0.02355414256453514
    ],
    "charuco_detected": true,
    "T_cam_target_rvec": [
        [
            0.09838052980627443
        ],
        [
            0.4007354985679948
        ],
        [
            -1.1046955700028809
        ]
    ],
    "T_cam_target_tvec": [
        [
            -0.15087943042922217
        ],
        [
            -0.05405007895038752
        ],
        [
            0.4361675464736175
        ]
    ]
}