{
    "joint_pose": [
        -0.19258794576034208,
        0.09646332593066183,
        -0.0007463281373329983,
        -1.8817227017252067,
        0.06630708154187961,
        1.640825008763207,
        0.10965402610560762
    ],
    "O_T_EE": [
        0.8578136516825999,
        0.4089437140323703,
        -0.31129309393581084,
        0.504453224843376,
        0.46430390934299887,
        -0.8763339144802799,
        0.12822563533688133,
        -0.08500476104888686,
        -0.22035962801062195,
        -0.25452830095352585,
        -0.9416234895701803,
        0.3359291166864941,
        0.0,
        0.0,
        0.0,
        1.0
    ],
    "camera_intrinsics": [
        [
            634.578369140625,
            0.0,
            641.9505615234375
        ],
        [
            0.0,
            634.056396484375,
            358.99456787109375
        ],
        [
            0.0,
            0.0,
            1.0
        ]
    ],
    "dist_coeffs": [
        -0.06063492223620415,
        0.07267043739557266,
        -0.000246976938797161,
        0.0005311704007908702,
        -0.02355414256453514
    ],
    "charuco_detected": true,
    "T_cam_target_rvec": [
        [
            0.09677309414778561
        ],
        [
            0.399331485227828
        ],
        [
            -1.1046944993588748
        ]
    ],
    "T_cam_target_tvec": [
        [
            -0.15086031908073302
        ],
        [
            -0.05411377413070474
        ],
        [
            0.4361217315857495
        ]
    ]
}