{
    "joint_pose": [
        -0.19259617571872575,
        0.09667653836178555,
        -0.00047788147743088767,
        -1.8827826662230909,
        0.06663853218821185,
        1.6412748394542267,
        0.11005074133806757
    ],
    "O_T_EE": [
        0.8577643741460022,
        0.4085004327044468,
        -0.3120100897763948,
        0.504274176663771,
        0.46414581640531144,
        -0.8763573112238865,
        0.1286374349537257,
        -0.08476938930920065,
        -0.22088387551057762,
        -0.25515878673078884,
        -0.941329970948685,
        0.3354078484826185,
        0.0,
        0.0,
        0.0,
        1.0
    ],
    "camera_intrinsics": [
        [
            633.8876342773438,
            0.0,
            641.9505615234375
        ],
        [
            0.0,
            633.3662109375,
            358.99456787109375
        ],
        [
            0.0,
            0.0,
            1.0
        ]
    ],
    "dist_coeffs": [
        -0.06063492223620415,
        0.07267043739557266,
        -0.000246976938797161,
        0.0005311704007908702,
        -0.02355414256453514
    ],
    "charuco_detected": true,
    "T_cam_target_rvec": [
        [
            0.09219663871179747
        ],
        [
            0.40112389935106507
        ],
        [
            -1.1052296508362616
        ]
    ],
    "T_cam_target_tvec": [
        [
            -0.1498449743203029
        ],
        [
            -0.053755101534233726
        ],
        [
            0.43476997660400996
        ]
    ]
}