{
    "joint_pose": [
        -0.1925639086815349,
        0.0954903301178364,
        -0.0008276032839672999,
        -1.8800425356157824,
        0.06556199819236887,
        1.6404092240055452,
        0.10902096251551853
    ],
    "O_T_EE": [
        0.8578860467809144,
        0.41024105539532135,
        -0.3093806667282273,
        0.5048195725166703,
        0.46484280706072467,
        -0.8762107933120354,
        0.12710967067218265,
        -0.08525755775053945,
        -0.21893707398183868,
        -0.2528589904528505,
        -0.942404761594723,
        0.3370827349958583,
        0.0,
        0.0,
        0.0,
        1.0
    ],
    "camera_intrinsics": [
        [
            633.8876342773438,
            0.0,
            641.9505615234375
        ],
        [
            0.0,
            633.3662109375,
            358.99456787109375
        ],
        [
            0.0,
            0.0,
            1.0
        ]
    ],
    "dist_coeffs": [
        -0.06063492223620415,
        0.07267043739557266,
        -0.000246976938797161,
        0.0005311704007908702,
        -0.02355414256453514
    ],
    "charuco_detected": true,
    "T_cam_target_rvec": [
        [
            0.08404626780427872
        ],
        [
            0.39973058187278887
        ],
        [
            -1.1400011182481427
        ]
    ],
    "T_cam_target_tvec": [
        [
            -0.15280252515625928
        ],
        [
            -0.047045586940787955
        ],
        [
            0.43818782777128007
        ]
    ]
}