{
    "joint_pose": [
        -0.19259746333514877,
        0.09644895847429309,
        -0.0007087017531162124,
        -1.8817421327985508,
        0.06630294270132396,
        1.6408304892116121,
        0.10962703600550384
    ],
    "O_T_EE": [
        0.857789110735444,
        0.40899257458834576,
        -0.3112965275556512,
        0.5044507987632224,
        0.4643525589237982,
        -0.8763095212984088,
        0.12821617414753084,
        -0.08499063663231218,
        -0.2203526478756834,
        -0.25453377715847064,
        -0.9416236427675143,
        0.3359287829554407,
        0.0,
        0.0,
        0.0,
        1.0
    ],
    "camera_intrinsics": [
        [
            634.578369140625,
            0.0,
            641.9505615234375
        ],
        [
            0.0,
            634.056396484375,
            358.99456787109375
        ],
        [
            0.0,
            0.0,
            1.0
        ]
    ],
    "dist_coeffs": [
        -0.06063492223620415,
        0.07267043739557266,
        -0.000246976938797161,
        0.0005311704007908702,
        -0.02355414256453514
    ],
    "charuco_detected": true,
    "T_cam_target_rvec": [
        [
            0.09688808964092131
        ],
        [
            0.39974894313374715
        ],
        [
            -1.1046840629828467
        ]
    ],
    "T_cam_target_tvec": [
        [
            -0.1508282369146799
        ],
        [
            -0.05409347314053137
        ],
        [
            0.43601239228038957
        ]
    ]
}