{
    "joint_pose": [
        -0.22428087564518576,
        -0.19402635685908928,
        -0.0005803108223406708,
        -2.4248089484164588,
        0.2798919289387337,
        2.1492427010653956,
        0.3109499094896651
    ],
    "O_T_EE": [
        0.9963199572233311,
        0.08519353342375685,
        -0.008327841121314045,
        0.44421306755094636,
        0.08470666419822837,
        -0.9672346736296554,
        0.2392983839772912,
        -0.06530284992630174,
        0.012331698184606492,
        -0.23912317932922644,
        -0.9709103617163198,
        0.2757921265846954,
        0.0,
        0.0,
        0.0,
        1.0
    ],
    "camera_intrinsics": [
        [
            634.578369140625,
            0.0,
            641.9505615234375
        ],
        [
            0.0,
            634.056396484375,
            358.99456787109375
        ],
        [
            0.0,
            0.0,
            1.0
        ]
    ],
    "dist_coeffs": [
        -0.06063492223620415,
        0.07267043739557266,
        -0.000246976938797161,
        0.0005311704007908702,
        -0.02355414256453514
    ],
    "charuco_detected": true,
    "T_cam_target_rvec": [
        [
            -0.15862691045157284
        ],
        [
            0.24466901853977877
        ],
        [
            -1.4929266219480275
        ]
    ],
    "T_cam_target_tvec": [
        [
            -0.12848118586323853
        ],
        [
            0.06984432826804424
        ],
        [
            0.3806758303306659
        ]
    ]
}