{
    "joint_pose": [
        -0.22435896811359804,
        -0.1948241005740663,
        -0.0005856444551659509,
        -2.4229762258847924,
        0.2808983822363684,
        2.148769141535281,
        0.3104276297522943
    ],
    "O_T_EE": [
        0.9962943607153719,
        0.08569162335009826,
        -0.005936335069900062,
        0.4448916950983653,
        0.08461312450732031,
        -0.9671527684688527,
        0.23966225060432622,
        -0.06534392408230706,
        0.014795704412610168,
        -0.2392764406118311,
        -0.9708381768148631,
        0.2769314334723261,
        0.0,
        0.0,
        0.0,
        1.0
    ],
    "camera_intrinsics": [
        [
            633.8876342773438,
            0.0,
            641.9505615234375
        ],
        [
            0.0,
            633.3662109375,
            358.99456787109375
        ],
        [
            0.0,
            0.0,
            1.0
        ]
    ],
    "dist_coeffs": [
        -0.06063492223620415,
        0.07267043739557266,
        -0.000246976938797161,
        0.0005311704007908702,
        -0.02355414256453514
    ],
    "charuco_detected": true,
    "T_cam_target_rvec": [
        [
            -0.16928346450066015
        ],
        [
            0.24062714880668404
        ],
        [
            -1.5285102479796477
        ]
    ],
    "T_cam_target_tvec": [
        [
            -0.12708731512498975
        ],
        [
            0.0782489182898378
        ],
        [
            0.3806888009008687
        ]
    ]
}