{
    "joint_pose": [
        -0.22427811722588117,
        -0.19402288630684772,
        -0.0005713624445714694,
        -2.4247898474579794,
        0.27990275700887046,
        2.1492648452652827,
        0.31092998791663995
    ],
    "O_T_EE": [
        0.9963178014788124,
        0.08522221079375406,
        -0.008292253549568323,
        0.4442255932162825,
        0.08472606028144296,
        -0.9672342314097856,
        0.2392933046633453,
        -0.06530033626315922,
        0.012372552962881728,
        -0.2391147491848936,
        -0.9709119181853548,
        0.2758004165302388,
        0.0,
        0.0,
        0.0,
        1.0
    ],
    "camera_intrinsics": [
        [
            634.578369140625,
            0.0,
            641.9505615234375
        ],
        [
            0.0,
            634.056396484375,
            358.99456787109375
        ],
        [
            0.0,
            0.0,
            1.0
        ]
    ],
    "dist_coeffs": [
        -0.06063492223620415,
        0.07267043739557266,
        -0.000246976938797161,
        0.0005311704007908702,
        -0.02355414256453514
    ],
    "charuco_detected": true,
    "T_cam_target_rvec": [
        [
            -0.15733451466561416
        ],
        [
            0.2450657037458435
        ],
        [
            -1.493097218553206
        ]
    ],
    "T_cam_target_tvec": [
        [
            -0.1284765170860513
        ],
        [
            0.0698851316368904
        ],
        [
            0.3807373419892712
        ]
    ]
}