{
    "joint_pose": [
        -0.22420891643198093,
        -0.19405728004480852,
        -0.0005564152066462114,
        -2.4249971542023774,
        0.279915220181509,
        2.149283045785958,
        0.3109617389197514
    ],
    "O_T_EE": [
        0.9963162346088607,
        0.08522445802830268,
        -0.00845580785152759,
        0.44415966945463964,
        0.08476688507354975,
        -0.9672215688951381,
        0.23933002643994272,
        -0.06524631530897296,
        0.01221813205681316,
        -0.2391651632638373,
        -0.9709014562548736,
        0.27572860300368823,
        0.0,
        0.0,
        0.0,
        1.0
    ],
    "camera_intrinsics": [
        [
            634.578369140625,
            0.0,
            641.9505615234375
        ],
        [
            0.0,
            634.056396484375,
            358.99456787109375
        ],
        [
            0.0,
            0.0,
            1.0
        ]
    ],
    "dist_coeffs": [
        -0.06063492223620415,
        0.07267043739557266,
        -0.000246976938797161,
        0.0005311704007908702,
        -0.02355414256453514
    ],
    "charuco_detected": true,
    "T_cam_target_rvec": [
        [
            -0.1572328729745375
        ],
        [
            0.24596510314991102
        ],
        [
            -1.4930262446954645
        ]
    ],
    "T_cam_target_tvec": [
        [
            -0.1284433864471361
        ],
        [
            0.06979258652371981
        ],
        [
            0.3807080985628078
        ]
    ]
}