{
    "joint_pose": [
        -0.22408440930034682,
        -0.19378771784012777,
        -0.0003518182713040069,
        -2.4255670289825972,
        0.27943227092425027,
        2.1496520116064284,
        0.3113090207212501
    ],
    "O_T_EE": [
        0.9963067966339381,
        0.08526322871429111,
        -0.00914862409745874,
        0.4440009341140128,
        0.08497447291460232,
        -0.9672917440323707,
        0.2389725241200738,
        -0.06514374527140916,
        0.011526180421753926,
        -0.23886734950017255,
        -0.970983231262417,
        0.275373430011676,
        0.0,
        0.0,
        0.0,
        1.0
    ],
    "camera_intrinsics": [
        [
            633.8876342773438,
            0.0,
            641.9505615234375
        ],
        [
            0.0,
            633.3662109375,
            358.99456787109375
        ],
        [
            0.0,
            0.0,
            1.0
        ]
    ],
    "dist_coeffs": [
        -0.06063492223620415,
        0.07267043739557266,
        -0.000246976938797161,
        0.0005311704007908702,
        -0.02355414256453514
    ],
    "charuco_detected": true,
    "T_cam_target_rvec": [
        [
            -0.16150461178214215
        ],
        [
            0.24609219888717
        ],
        [
            -1.4931548472412273
        ]
    ],
    "T_cam_target_tvec": [
        [
            -0.12801182574315528
        ],
        [
            0.06948627320922392
        ],
        [
            0.37943357813705797
        ]
    ]
}