{
    "joint_pose": [
        0.1112391201612373,
        0.26604565229737204,
        0.0006049239801367203,
        -1.6236095317204793,
        -0.29275532439307983,
        1.5164845285879238,
        0.20510615077592487
    ],
    "O_T_EE": [
        0.6680612319367282,
        0.6732313863868805,
        -0.31691697868585206,
        0.5647042645142349,
        0.5901407901626078,
        -0.7387946668883778,
        -0.3254213787538877,
        0.0010093768835072671,
        -0.45322045967789504,
        0.03037577097125581,
        -0.8908785298067017,
        0.35482556351886024,
        0.0,
        0.0,
        0.0,
        1.0
    ],
    "camera_intrinsics": [
        [
            633.8876342773438,
            0.0,
            641.9505615234375
        ],
        [
            0.0,
            633.3662109375,
            358.99456787109375
        ],
        [
            0.0,
            0.0,
            1.0
        ]
    ],
    "dist_coeffs": [
        -0.06063492223620415,
        0.07267043739557266,
        -0.000246976938797161,
        0.0005311704007908702,
        -0.02355414256453514
    ],
    "charuco_detected": true,
    "T_cam_target_rvec": [
        [
            0.49070858351434243
        ],
        [
            0.19893151370306322
        ],
        [
            -0.8781942641924202
        ]
    ],
    "T_cam_target_tvec": [
        [
            -0.23345482625295372
        ],
        [
            -0.09303223624632172
        ],
        [
            0.38083470668869335
        ]
    ]
}