{
    "joint_pose": [
        0.111222283172134,
        0.2669748015152781,
        0.0005874152605452861,
        -1.6253536142980785,
        -0.29194725632005264,
        1.517018052669166,
        0.20464351530514135
    ],
    "O_T_EE": [
        0.666817249716719,
        0.6735009570721501,
        -0.318957555009418,
        0.5643547382875739,
        0.5906442158067715,
        -0.7386336576549333,
        -0.3248730660348134,
        0.0011304202838700857,
        -0.4543951063946916,
        0.02824052944618943,
        -0.8903502507819908,
        0.35356331156051063,
        0.0,
        0.0,
        0.0,
        1.0
    ],
    "camera_intrinsics": [
        [
            634.578369140625,
            0.0,
            641.9505615234375
        ],
        [
            0.0,
            634.056396484375,
            358.99456787109375
        ],
        [
            0.0,
            0.0,
            1.0
        ]
    ],
    "dist_coeffs": [
        -0.06063492223620415,
        0.07267043739557266,
        -0.000246976938797161,
        0.0005311704007908702,
        -0.02355414256453514
    ],
    "charuco_detected": true,
    "T_cam_target_rvec": [
        [
            0.4949720779729672
        ],
        [
            0.1967390814187462
        ],
        [
            -0.8406105720908073
        ]
    ],
    "T_cam_target_tvec": [
        [
            -0.22914382678173184
        ],
        [
            -0.09922323282001624
        ],
        [
            0.3786540065891062
        ]
    ]
}