{
    "joint_pose": [
        0.11123130473691575,
        0.26700611520101103,
        0.0005473963216871763,
        -1.6253247851656358,
        -0.291982165459498,
        1.5169705422188733,
        0.20463698214550077
    ],
    "O_T_EE": [
        0.6668122258635025,
        0.6734832278856615,
        -0.3190054911422629,
        0.5643537856020017,
        0.5906039229489126,
        -0.7386495290020965,
        -0.324910232047033,
        0.0011055517181073169,
        -0.4544548476334301,
        0.02824822052624421,
        -0.8903195144060512,
        0.35355983617922543,
        0.0,
        0.0,
        0.0,
        1.0
    ],
    "camera_intrinsics": [
        [
            634.578369140625,
            0.0,
            641.9505615234375
        ],
        [
            0.0,
            634.056396484375,
            358.99456787109375
        ],
        [
            0.0,
            0.0,
            1.0
        ]
    ],
    "dist_coeffs": [
        -0.06063492223620415,
        0.07267043739557266,
        -0.000246976938797161,
        0.0005311704007908702,
        -0.02355414256453514
    ],
    "charuco_detected": true,
    "T_cam_target_rvec": [
        [
            0.4950519662030157
        ],
        [
            0.19676006379383593
        ],
        [
            -0.8410252179068151
        ]
    ],
    "T_cam_target_tvec": [
        [
            -0.22914417246088625
        ],
        [
            -0.09922797799397437
        ],
        [
            0.37856068281279187
        ]
    ]
}