{
    "joint_pose": [
        0.11119824839738988,
        0.26716202432401,
        0.00033970908726437595,
        -1.6262840494526696,
        -0.29158224065436256,
        1.5172784068319534,
        0.2043308833169483
    ],
    "O_T_EE": [
        0.6663805077436834,
        0.673507234174121,
        -0.31985581291677456,
        0.5641583755970521,
        0.5907638992716515,
        -0.738661734526001,
        -0.3245914858172012,
        0.0010427174092738675,
        -0.4548799634165403,
        0.027342171884725548,
        -0.8901306793265419,
        0.3530711348873372,
        0.0,
        0.0,
        0.0,
        1.0
    ],
    "camera_intrinsics": [
        [
            633.8876342773438,
            0.0,
            641.9505615234375
        ],
        [
            0.0,
            633.3662109375,
            358.99456787109375
        ],
        [
            0.0,
            0.0,
            1.0
        ]
    ],
    "dist_coeffs": [
        -0.06063492223620415,
        0.07267043739557266,
        -0.000246976938797161,
        0.0005311704007908702,
        -0.02355414256453514
    ],
    "charuco_detected": true,
    "T_cam_target_rvec": [
        [
            0.4940580793925721
        ],
        [
            0.1937810093496651
        ],
        [
            -0.8417328974203161
        ]
    ],
    "T_cam_target_tvec": [
        [
            -0.22813425625308925
        ],
        [
            -0.09882443688389833
        ],
        [
            0.3771312932634077
        ]
    ]
}