{
    "joint_pose": [
        0.11121980690507235,
        0.2670164254356278,
        0.0005825139783249055,
        -1.6253369901134818,
        -0.29192402441634907,
        1.5169798029949135,
        0.20463826318583403
    ],
    "O_T_EE": [
        0.6667997615590456,
        0.6734877852607003,
        -0.3190219231879423,
        0.5643504116637316,
        0.5906361182066936,
        -0.7386476751000057,
        -0.32485591674790404,
        0.0011298552207306377,
        -0.4544312937680866,
        0.028187977493987347,
        -0.8903334464566327,
        0.35354523097542323,
        0.0,
        0.0,
        0.0,
        1.0
    ],
    "camera_intrinsics": [
        [
            634.578369140625,
            0.0,
            641.9505615234375
        ],
        [
            0.0,
            634.056396484375,
            358.99456787109375
        ],
        [
            0.0,
            0.0,
            1.0
        ]
    ],
    "dist_coeffs": [
        -0.06063492223620415,
        0.07267043739557266,
        -0.000246976938797161,
        0.0005311704007908702,
        -0.02355414256453514
    ],
    "charuco_detected": true,
    "T_cam_target_rvec": [
        [
            0.49534111073433384
        ],
        [
            0.19642933367765955
        ],
        [
            -0.8406838022204386
        ]
    ],
    "T_cam_target_tvec": [
        [
            -0.22909390803431828
        ],
        [
            -0.09922655253019765
        ],
        [
            0.3785278897183952
        ]
    ]
}