{
    "joint_pose": [
        -0.5303027029412477,
        -0.4275429783788142,
        -0.008304757914516141,
        -2.4485455659417124,
        0.5671990592118293,
        1.7417158864234115,
        -0.4739119170076317
    ],
    "O_T_EE": [
        0.8373567874632935,
        0.5385674679063919,
        0.09359278045270215,
        0.3666893298152356,
        0.401205640389172,
        -0.7217904968604154,
        0.5639498053078627,
        -0.09851341225992442,
        0.371279398176462,
        -0.4346772458458121,
        -0.8204882744685363,
        0.3629106741021568,
        0.0,
        0.0,
        0.0,
        1.0
    ],
    "camera_intrinsics": [
        [
            634.578369140625,
            0.0,
            641.9505615234375
        ],
        [
            0.0,
            634.056396484375,
            358.99456787109375
        ],
        [
            0.0,
            0.0,
            1.0
        ]
    ],
    "dist_coeffs": [
        -0.06063492223620415,
        0.07267043739557266,
        -0.000246976938797161,
        0.0005311704007908702,
        -0.02355414256453514
    ],
    "charuco_detected": true,
    "T_cam_target_rvec": [
        [
            -0.5670746935874198
        ],
        [
            0.2764384049854785
        ],
        [
            -1.0053553073612376
        ]
    ],
    "T_cam_target_tvec": [
        [
            0.014382180196566076
        ],
        [
            0.055826454348632634
        ],
        [
            0.4931231682249957
        ]
    ]
}