{
    "joint_pose": [
        -0.5302895023916855,
        -0.42751036909959245,
        -0.008247705474628303,
        -2.4484403861196418,
        0.5671902970472972,
        1.7417270856114389,
        -0.47392507373955517
    ],
    "O_T_EE": [
        0.8373047108403675,
        0.5386470616690402,
        0.09360063962911903,
        0.3667239160358634,
        0.4012945929230998,
        -0.7217823637913877,
        0.5638969214377025,
        -0.09850819176809003,
        0.37130071074052745,
        -0.4345921181708598,
        -0.8205237243700523,
        0.36293995450853445,
        0.0,
        0.0,
        0.0,
        1.0
    ],
    "camera_intrinsics": [
        [
            634.578369140625,
            0.0,
            641.9505615234375
        ],
        [
            0.0,
            634.056396484375,
            358.99456787109375
        ],
        [
            0.0,
            0.0,
            1.0
        ]
    ],
    "dist_coeffs": [
        -0.06063492223620415,
        0.07267043739557266,
        -0.000246976938797161,
        0.0005311704007908702,
        -0.02355414256453514
    ],
    "charuco_detected": true,
    "T_cam_target_rvec": [
        [
            -0.5671814203335679
        ],
        [
            0.2757663674628599
        ],
        [
            -1.0050203043816541
        ]
    ],
    "T_cam_target_tvec": [
        [
            0.014374265230712445
        ],
        [
            0.05580020985819999
        ],
        [
            0.49323574975291795
        ]
    ]
}