{
    "joint_pose": [
        -0.5303443066522142,
        -0.42751211827260793,
        -0.008287832113888411,
        -2.448491645774987,
        0.5672071034378476,
        1.741776055335714,
        -0.4739196342604302
    ],
    "O_T_EE": [
        0.8373555304010286,
        0.5385556156699985,
        0.09367219637793532,
        0.3667113627521003,
        0.40118018271635464,
        -0.7218409417049517,
        0.5639033472238181,
        -0.0985406394173923,
        0.3713097407875164,
        -0.43460815755117327,
        -0.8205111422860188,
        0.3629226879054388,
        0.0,
        0.0,
        0.0,
        1.0
    ],
    "camera_intrinsics": [
        [
            634.578369140625,
            0.0,
            641.9505615234375
        ],
        [
            0.0,
            634.056396484375,
            358.99456787109375
        ],
        [
            0.0,
            0.0,
            1.0
        ]
    ],
    "dist_coeffs": [
        -0.06063492223620415,
        0.07267043739557266,
        -0.000246976938797161,
        0.0005311704007908702,
        -0.02355414256453514
    ],
    "charuco_detected": true,
    "T_cam_target_rvec": [
        [
            -0.5675959489543139
        ],
        [
            0.27708509518274604
        ],
        [
            -1.0051877330156802
        ]
    ],
    "T_cam_target_tvec": [
        [
            0.014407535407141344
        ],
        [
            0.055827141337857565
        ],
        [
            0.4933411716710815
        ]
    ]
}