{
    "joint_pose": [
        -0.5306077882984055,
        -0.4283498622660051,
        -0.008704159902898889,
        -2.447847331030327,
        0.5683008677948791,
        1.7424014848603142,
        -0.4745794031951162
    ],
    "O_T_EE": [
        0.8367355889557789,
        0.5390525726766301,
        0.09631616465555586,
        0.36701332599648906,
        0.4005214145441152,
        -0.7224106401543906,
        0.5636420202098748,
        -0.09884371466475193,
        0.37341250322882186,
        -0.4330426512292275,
        -0.8203845863250814,
        0.36362697403463495,
        0.0,
        0.0,
        0.0,
        1.0
    ],
    "camera_intrinsics": [
        [
            633.8876342773438,
            0.0,
            641.9505615234375
        ],
        [
            0.0,
            633.3662109375,
            358.99456787109375
        ],
        [
            0.0,
            0.0,
            1.0
        ]
    ],
    "dist_coeffs": [
        -0.06063492223620415,
        0.07267043739557266,
        -0.000246976938797161,
        0.0005311704007908702,
        -0.02355414256453514
    ],
    "charuco_detected": true,
    "T_cam_target_rvec": [
        [
            -0.5784265228814498
        ],
        [
            0.26635246097757614
        ],
        [
            -1.0398158910493538
        ]
    ],
    "T_cam_target_tvec": [
        [
            0.011192156000662352
        ],
        [
            0.06388211819558323
        ],
        [
            0.4915475108028694
        ]
    ]
}