{
    "joint_pose": [
        -0.5300302576782449,
        -0.4269953580906516,
        -0.007879610123764357,
        -2.4485870105341863,
        0.5667921691841769,
        1.741291287156235,
        -0.47356494265848503
    ],
    "O_T_EE": [
        0.8375105841886045,
        0.5385769880984205,
        0.09215074420096747,
        0.3666458008377408,
        0.4017919663767181,
        -0.7213246759445843,
        0.5641283556526587,
        -0.09824491161415076,
        0.3702971563871386,
        -0.4354380399844305,
        -0.8205287555545114,
        0.3626331391260633,
        0.0,
        0.0,
        0.0,
        1.0
    ],
    "camera_intrinsics": [
        [
            633.8876342773438,
            0.0,
            641.9505615234375
        ],
        [
            0.0,
            633.3662109375,
            358.99456787109375
        ],
        [
            0.0,
            0.0,
            1.0
        ]
    ],
    "dist_coeffs": [
        -0.06063492223620415,
        0.07267043739557266,
        -0.000246976938797161,
        0.0005311704007908702,
        -0.02355414256453514
    ],
    "charuco_detected": true,
    "T_cam_target_rvec": [
        [
            -0.5528494377912382
        ],
        [
            0.2992807370711772
        ],
        [
            -0.9984295563396068
        ]
    ],
    "T_cam_target_tvec": [
        [
            0.018718296480510245
        ],
        [
            0.04799740658928376
        ],
        [
            0.4896518016868608
        ]
    ]
}