{
    "joint_pose": [
        0.00044648146324757196,
        -0.20171968383503366,
        0.00042763872043844695,
        -2.434437463900478,
        -0.0006481490914935989,
        2.226482354334843,
        0.7000766000676077
    ],
    "O_T_EE": [
        0.9962248706375022,
        0.08647474945480632,
        -0.006234779839278202,
        0.4578128103086032,
        0.08647265762535772,
        -0.9962443779460132,
        -0.0006048160218304404,
        0.0003181202077328137,
        -0.006263665676565899,
        6.339478069614933e-05,
        -0.9999803806665086,
        0.2772349801670845,
        0.0,
        0.0,
        0.0,
        1.0
    ],
    "camera_intrinsics": [
        [
            634.578369140625,
            0.0,
            641.9505615234375
        ],
        [
            0.0,
            634.056396484375,
            358.99456787109375
        ],
        [
            0.0,
            0.0,
            1.0
        ]
    ],
    "dist_coeffs": [
        -0.06063492223620415,
        0.07267043739557266,
        -0.000246976938797161,
        0.0005311704007908702,
        -0.02355414256453514
    ],
    "charuco_detected": true,
    "T_cam_target_rvec": [
        [
            0.04229474612581857
        ],
        [
            0.05469138823938939
        ],
        [
            -1.5071256390913577
        ]
    ],
    "T_cam_target_tvec": [
        [
            -0.1425325073470652
        ],
        [
            0.08285131995062625
        ],
        [
            0.34181376410099246
        ]
    ]
}