{
    "joint_pose": [
        0.0004643548662682409,
        -0.2017307015717068,
        0.0003663383806778897,
        -2.4343961980050066,
        -0.0006241411781455908,
        2.22649507115252,
        0.7001130523317394
    ],
    "O_T_EE": [
        0.9962333461074748,
        0.0863817161115717,
        -0.006169834619970159,
        0.4578318749022291,
        0.08637982282104342,
        -0.9962524502217197,
        -0.0005731877169032145,
        0.0003022268524970136,
        -0.006196225796248273,
        3.8079495850028645e-05,
        -0.9999808021140223,
        0.27725929621259493,
        0.0,
        0.0,
        0.0,
        1.0
    ],
    "camera_intrinsics": [
        [
            634.578369140625,
            0.0,
            641.9505615234375
        ],
        [
            0.0,
            634.056396484375,
            358.99456787109375
        ],
        [
            0.0,
            0.0,
            1.0
        ]
    ],
    "dist_coeffs": [
        -0.06063492223620415,
        0.07267043739557266,
        -0.000246976938797161,
        0.0005311704007908702,
        -0.02355414256453514
    ],
    "charuco_detected": true,
    "T_cam_target_rvec": [
        [
            0.041386417483318776
        ],
        [
            0.05531555866754958
        ],
        [
            -1.5073338093246287
        ]
    ],
    "T_cam_target_tvec": [
        [
            -0.14253035905341693
        ],
        [
            0.08288554867877658
        ],
        [
            0.34195645272120617
        ]
    ]
}