{
    "joint_pose": [
        0.0005331282503078987,
        -0.2009580824981656,
        0.00021671051823760127,
        -2.4344114107834662,
        -0.0006091598774848329,
        2.2261015711360588,
        0.70057089700015
    ],
    "O_T_EE": [
        0.9962722718883492,
        0.0858386154925541,
        -0.007351210675824728,
        0.4576998389994055,
        0.08583702842757539,
        -0.9962993870998195,
        -0.0005317159950126622,
        0.00026982547573871964,
        -0.007369648455612836,
        -0.00010127217740721362,
        -0.9999728381209664,
        0.2768648552903401,
        0.0,
        0.0,
        0.0,
        1.0
    ],
    "camera_intrinsics": [
        [
            633.8876342773438,
            0.0,
            641.9505615234375
        ],
        [
            0.0,
            633.3662109375,
            358.99456787109375
        ],
        [
            0.0,
            0.0,
            1.0
        ]
    ],
    "dist_coeffs": [
        -0.06063492223620415,
        0.07267043739557266,
        -0.000246976938797161,
        0.0005311704007908702,
        -0.02355414256453514
    ],
    "charuco_detected": true,
    "T_cam_target_rvec": [
        [
            0.03894390884151055
        ],
        [
            0.05345548217725079
        ],
        [
            -1.5083888617353542
        ]
    ],
    "T_cam_target_tvec": [
        [
            -0.14203236946707093
        ],
        [
            0.08256783960689504
        ],
        [
            0.340553827855512
        ]
    ]
}