{
    "joint_pose": [
        0.0006774181350330381,
        -0.2026730116297526,
        0.0007632235735779381,
        -2.4339127356545966,
        -0.0006959070175782673,
        2.227224883569809,
        0.7005073227526413
    ],
    "O_T_EE": [
        0.9962225872441951,
        0.08663252045173407,
        -0.004013760835307911,
        0.4582221463954148,
        0.0866303548575732,
        -0.9962306076081153,
        -0.0007106285580344973,
        0.0005659060891652449,
        -0.004060194938839984,
        0.0003602306951785834,
        -0.999991692330996,
        0.27796737900411583,
        0.0,
        0.0,
        0.0,
        1.0
    ],
    "camera_intrinsics": [
        [
            633.8876342773438,
            0.0,
            641.9505615234375
        ],
        [
            0.0,
            633.3662109375,
            358.99456787109375
        ],
        [
            0.0,
            0.0,
            1.0
        ]
    ],
    "dist_coeffs": [
        -0.06063492223620415,
        0.07267043739557266,
        -0.000246976938797161,
        0.0005311704007908702,
        -0.02355414256453514
    ],
    "charuco_detected": true,
    "T_cam_target_rvec": [
        [
            0.03474169577872755
        ],
        [
            0.05167132194444047
        ],
        [
            -1.5435870694687026
        ]
    ],
    "T_cam_target_tvec": [
        [
            -0.141236725943056
        ],
        [
            0.09071432234045786
        ],
        [
            0.34167292487843615
        ]
    ]
}