{
    "joint_pose": [
        0.0009554522078680363,
        -0.2017525330900449,
        0.0006325842325346915,
        -2.435496814391921,
        -0.0013926709132889906,
        2.2276332062305184,
        0.701079594893588
    ],
    "O_T_EE": [
        0.9962113194342994,
        0.08663970760739881,
        -0.006108659126868389,
        0.4576525156490436,
        0.086633715707925,
        -0.9962297980012658,
        -0.0012392771170615718,
        0.0005565687952780842,
        -0.006192998855085313,
        0.0007053660537789166,
        -0.9999805740492658,
        0.2768835158010486,
        0.0,
        0.0,
        0.0,
        1.0
    ],
    "camera_intrinsics": [
        [
            634.578369140625,
            0.0,
            641.9505615234375
        ],
        [
            0.0,
            634.056396484375,
            358.99456787109375
        ],
        [
            0.0,
            0.0,
            1.0
        ]
    ],
    "dist_coeffs": [
        -0.06063492223620415,
        0.07267043739557266,
        -0.000246976938797161,
        0.0005311704007908702,
        -0.02355414256453514
    ],
    "charuco_detected": true,
    "T_cam_target_rvec": [
        [
            0.041685073202918935
        ],
        [
            0.05439969305891249
        ],
        [
            -1.5070103046455379
        ]
    ],
    "T_cam_target_tvec": [
        [
            -0.1425248066046634
        ],
        [
            0.08280902679829379
        ],
        [
            0.34145529227793536
        ]
    ]
}