{
    "joint_pose": [
        -0.00010545317152935781,
        0.0013426982649688678,
        -0.00023042919552346454,
        -2.2004828729127577,
        -0.0006542010494784013,
        2.1992650550736323,
        0.6995603789986247
    ],
    "O_T_EE": [
        0.9963010467574812,
        0.08578120214892829,
        -0.002560588853352623,
        0.5291077365948931,
        0.08578012272018715,
        -0.9963042898534877,
        -0.0005286513370722068,
        -0.0002552332611070269,
        -0.0025964740063579034,
        0.00030704825441825294,
        -0.9999965819504024,
        0.27832571273026874,
        0.0,
        0.0,
        0.0,
        1.0
    ],
    "camera_intrinsics": [
        [
            633.8876342773438,
            0.0,
            641.9505615234375
        ],
        [
            0.0,
            633.3662109375,
            358.99456787109375
        ],
        [
            0.0,
            0.0,
            1.0
        ]
    ],
    "dist_coeffs": [
        -0.06063492223620415,
        0.07267043739557266,
        -0.000246976938797161,
        0.0005311704007908702,
        -0.02355414256453514
    ],
    "charuco_detected": true,
    "T_cam_target_rvec": [
        [
            0.030207440648236248
        ],
        [
            0.04651061677979326
        ],
        [
            -1.5089899565638523
        ]
    ],
    "T_cam_target_tvec": [
        [
            -0.14628938829424945
        ],
        [
            0.15506986046533613
        ],
        [
            0.34556736392814924
        ]
    ]
}