{
    "T_cam_gripper": [
        [
            -0.6022207799993778,
            0.6281965971830841,
            0.4926450724654975,
            -0.2119197152796557
        ],
        [
            0.08385281863031818,
            -0.5639071493620691,
            0.8215701015166608,
            -0.3364839558479128
        ],
        [
            0.7939136205814158,
            0.5360762652701008,
            0.2869205480082745,
            -0.18630060193011058
        ],
        [
            0.0,
            0.0,
            0.0,
            1.0
        ]
    ],
    "xyz": [
        -0.2119197152796557,
        -0.3364839558479128,
        -0.18630060193011058
    ],
    "quaternion_xyzw": [
        0.4107206536547733,
        0.43341466363894354,
        0.7831105409470813,
        -0.17377616252440084
    ],
    "consistency_error_mean": 0.08372286894604593,
    "consistency_error_std": 0.03649051956642689
}