{
    "T_cam_gripper": [
        [
            -0.029744011022794337,
            -0.9987930171871929,
            -0.03908711586161573,
            0.04908844870624359
        ],
        [
            0.9995569198604003,
            -0.02967736689788636,
            -0.0022842620684280328,
            0.00816743197482434
        ],
        [
            0.0011215023249661268,
            -0.039137740253005496,
            0.9992331957658449,
            -0.038610730195394245
        ],
        [
            0.0,
            0.0,
            0.0,
            1.0
        ]
    ],
    "xyz": [
        0.04908844870624359,
        0.00816743197482434,
        -0.038610730195394245
    ],
    "quaternion_xyzw": [
        -0.013230269359002279,
        -0.01443475284740902,
        0.7174006157103793,
        0.6963856363117285
    ],
    "consistency_error_mean": 0.0028017800262430045,
    "consistency_error_std": 0.0020474503037950327
}