{
    "T_cam_gripper": [
        [
            -0.028644340433728654,
            -0.9988102012089098,
            -0.03946750210152228,
            0.04997695157722665
        ],
        [
            0.999589659552825,
            -0.028626723356596995,
            -0.0010115458132864685,
            0.007820870681491201
        ],
        [
            -0.00011948298693549922,
            -0.03948028205170115,
            0.9992203425936313,
            -0.03804353798583811
        ],
        [
            0.0,
            0.0,
            0.0,
            1.0
        ]
    ],
    "xyz": [
        0.04997695157722665,
        0.007820870681491201,
        -0.03804353798583811
    ],
    "quaternion_xyzw": [
        -0.01380253898053674,
        -0.014118024680354575,
        0.7170236060242293,
        0.6967692011712533
    ],
    "consistency_error_mean": 0.00273776736439866,
    "consistency_error_std": 0.002067826259624567
}