{
    "T_cam_gripper": [
        [
            -0.029637543915555176,
            -0.9988137813756863,
            -0.03863477869298661,
            0.048888889483454136
        ],
        [
            0.9995597538049146,
            -0.029561863555240486,
            -0.002528793506730534,
            0.008261407180641327
        ],
        [
            0.001383677748566823,
            -0.038692717107278146,
            0.9992501984381811,
            -0.03861366656366333
        ],
        [
            0.0,
            0.0,
            0.0,
            1.0
        ]
    ],
    "xyz": [
        0.048888889483454136,
        0.008261407180641327,
        -0.03861366656366333
    ],
    "quaternion_xyzw": [
        -0.012981922060159959,
        -0.014365600597726234,
        0.7173649012024802,
        0.6964285302468921
    ],
    "consistency_error_mean": 0.0028089686681345444,
    "consistency_error_std": 0.0020424320491822944
}