{
    "T_cam_gripper": [
        [
            -0.03599332757067486,
            -0.9985890899051343,
            -0.03904241146274093,
            0.04817682395220484
        ],
        [
            0.9993331672017854,
            -0.03572513335176619,
            -0.00754557999408691,
            0.009554503048817213
        ],
        [
            0.006140138503220698,
            -0.03928796723469408,
            0.9992090643752822,
            -0.03652848837709566
        ],
        [
            0.0,
            0.0,
            0.0,
            1.0
        ]
    ],
    "xyz": [
        0.04817682395220484,
        0.009554503048817213,
        -0.03652848837709566
    ],
    "quaternion_xyzw": [
        -0.011431769392891939,
        -0.016272137564150354,
        0.7195358791084921,
        0.6941704768017798
    ],
    "consistency_error_mean": 0.0025650813575307982,
    "consistency_error_std": 0.0017508995511037351
}