{
    "T_cam_gripper": [
        [
            -0.029239161993871554,
            -0.9988048343928932,
            -0.039165982679887044,
            0.04914793749153577
        ],
        [
            0.9995714991253273,
            -0.02916279662639487,
            -0.002519807388191613,
            0.00823423431316699
        ],
        [
            0.0013746062134982681,
            -0.039222877078467985,
            0.9992295413824819,
            -0.03863157807405384
        ],
        [
            0.0,
            0.0,
            0.0,
            1.0
        ]
    ],
    "xyz": [
        0.04914793749153577,
        0.00823423431316699,
        -0.03863157807405384
    ],
    "quaternion_xyzw": [
        -0.013172824773386018,
        -0.01455012014550718,
        0.717222333032573,
        0.6965679404699544
    ],
    "consistency_error_mean": 0.0028177022435541296,
    "consistency_error_std": 0.0020581232686693184
}