{
    "joint_pose": [
        0.0009721448375974177,
        -0.07352688953681329,
        -0.00023986740487121172,
        -2.080312224438316,
        -0.002015469453236234,
        2.0000536960502737,
        0.11254942286909649
    ],
    "O_T_EE": [
        0.781036033234467,
        0.6244342853226474,
        -0.006729478142077374,
        0.5285636450518993,
        0.6244378247464833,
        -0.7810600731414926,
        -0.0018199272138603756,
        7.523017081052429e-05,
        -0.006392551638981187,
        -0.002780711960828852,
        -0.9999757006992079,
        0.3558358073977698,
        0.0,
        0.0,
        0.0,
        1.0
    ],
    "camera_intrinsics": [
        [
            633.8876342773438,
            0.0,
            641.9505615234375
        ],
        [
            0.0,
            633.3662109375,
            358.99456787109375
        ],
        [
            0.0,
            0.0,
            1.0
        ]
    ],
    "dist_coeffs": [
        -0.06063492223620415,
        0.07267043739557266,
        -0.000246976938797161,
        0.0005311704007908702,
        -0.02355414256453514
    ],
    "charuco_detected": true,
    "T_cam_target_rvec": [
        [
            0.03749549645692211
        ],
        [
            0.03362261288182566
        ],
        [
            -0.9183989386470005
        ]
    ],
    "T_cam_target_tvec": [
        [
            -0.1866755471757496
        ],
        [
            0.052804682906296745
        ],
        [
            0.4188980164101122
        ]
    ]
}