{
    "joint_pose": [
        0.0006214189197226832,
        -0.07439835600624452,
        -3.802166411869281e-06,
        -2.080311052389156,
        -0.0015587595027560987,
        2.0006349001460606,
        0.11213231766125968
    ],
    "O_T_EE": [
        0.7809755991103634,
        0.6245238348656513,
        -0.005276430245741187,
        0.528666369020742,
        0.6245260476255922,
        -0.7809903626473633,
        -0.0014199398309765912,
        8.554545140879781e-05,
        -0.005007627439624913,
        -0.0021863297667472645,
        -0.9999850714159377,
        0.3563473308505182,
        0.0,
        0.0,
        0.0,
        1.0
    ],
    "camera_intrinsics": [
        [
            634.578369140625,
            0.0,
            641.9505615234375
        ],
        [
            0.0,
            634.056396484375,
            358.99456787109375
        ],
        [
            0.0,
            0.0,
            1.0
        ]
    ],
    "dist_coeffs": [
        -0.06063492223620415,
        0.07267043739557266,
        -0.000246976938797161,
        0.0005311704007908702,
        -0.02355414256453514
    ],
    "charuco_detected": true,
    "T_cam_target_rvec": [
        [
            0.0398769282972599
        ],
        [
            0.03638274265755663
        ],
        [
            -0.9177100793841569
        ]
    ],
    "T_cam_target_tvec": [
        [
            -0.1874118157549164
        ],
        [
            0.05301490199971297
        ],
        [
            0.4204665555795898
        ]
    ]
}