{
    "joint_pose": [
        0.000383550253561943,
        -0.07539491789044361,
        -3.0885259162906756e-06,
        -2.0794345063958715,
        -0.0008171595221877494,
        2.001276771949952,
        0.11148955703112814
    ],
    "O_T_EE": [
        0.7809262777765649,
        0.624601684960717,
        -0.0027624030116244346,
        0.5290385085713355,
        0.6246022917447067,
        -0.7809303242792865,
        -0.0007434246146924092,
        7.504213543907915e-05,
        -0.0026215885466360765,
        -0.0011448434346238638,
        -0.9999959082163505,
        0.35734236033762196,
        0.0,
        0.0,
        0.0,
        1.0
    ],
    "camera_intrinsics": [
        [
            633.8876342773438,
            0.0,
            641.9505615234375
        ],
        [
            0.0,
            633.3662109375,
            358.99456787109375
        ],
        [
            0.0,
            0.0,
            1.0
        ]
    ],
    "dist_coeffs": [
        -0.06063492223620415,
        0.07267043739557266,
        -0.000246976938797161,
        0.0005311704007908702,
        -0.02355414256453514
    ],
    "charuco_detected": true,
    "T_cam_target_rvec": [
        [
            0.033533734337626055
        ],
        [
            0.03006000744226768
        ],
        [
            -0.9542211201065718
        ]
    ],
    "T_cam_target_tvec": [
        [
            -0.19093684022149887
        ],
        [
            0.060698847304383116
        ],
        [
            0.4198665042616679
        ]
    ]
}