{
    "joint_pose": [
        0.0006320011853117121,
        -0.07438809643189112,
        2.0247730890582358e-05,
        -2.0803101706923095,
        -0.001572428559884429,
        2.0005983345476626,
        0.11211285900405701
    ],
    "O_T_EE": [
        0.7809380611805878,
        0.6245703844241073,
        -0.005322306494083808,
        0.5286591603163625,
        0.6245726261002694,
        -0.7809530870640504,
        -0.0014343891255254098,
        0.00010173344557393552,
        -0.005052348654398985,
        -0.0022039978812541327,
        -0.9999848076753063,
        0.3563391477718185,
        0.0,
        0.0,
        0.0,
        1.0
    ],
    "camera_intrinsics": [
        [
            634.578369140625,
            0.0,
            641.9505615234375
        ],
        [
            0.0,
            634.056396484375,
            358.99456787109375
        ],
        [
            0.0,
            0.0,
            1.0
        ]
    ],
    "dist_coeffs": [
        -0.06063492223620415,
        0.07267043739557266,
        -0.000246976938797161,
        0.0005311704007908702,
        -0.02355414256453514
    ],
    "charuco_detected": true,
    "T_cam_target_rvec": [
        [
            0.04033488560212676
        ],
        [
            0.036756630573527654
        ],
        [
            -0.9175710547066984
        ]
    ],
    "T_cam_target_tvec": [
        [
            -0.18739948979494173
        ],
        [
            0.0529680889013684
        ],
        [
            0.42041196261418834
        ]
    ]
}