{
    "joint_pose": [
        0.0006330653233666564,
        -0.07442979848526196,
        2.4404566377528728e-05,
        -2.080315210662937,
        -0.001596185116561683,
        2.0005783091121168,
        0.11210693270299169
    ],
    "O_T_EE": [
        0.7809249538443727,
        0.6245869148133733,
        -0.005305633822147971,
        0.5286524668642658,
        0.6245890094518682,
        -0.7809399434857265,
        -0.0014563249933672543,
        0.00010081231075375575,
        -0.00505298291179715,
        -0.002176560045262077,
        -0.9999848645690887,
        0.35635709118455144,
        0.0,
        0.0,
        0.0,
        1.0
    ],
    "camera_intrinsics": [
        [
            634.578369140625,
            0.0,
            641.9505615234375
        ],
        [
            0.0,
            634.056396484375,
            358.99456787109375
        ],
        [
            0.0,
            0.0,
            1.0
        ]
    ],
    "dist_coeffs": [
        -0.06063492223620415,
        0.07267043739557266,
        -0.000246976938797161,
        0.0005311704007908702,
        -0.02355414256453514
    ],
    "charuco_detected": true,
    "T_cam_target_rvec": [
        [
            0.04010119620049599
        ],
        [
            0.03720398519734383
        ],
        [
            -0.9175322738157237
        ]
    ],
    "T_cam_target_tvec": [
        [
            -0.18736024234349666
        ],
        [
            0.05305742250137809
        ],
        [
            0.4204644919418439
        ]
    ]
}