{
    "joint_pose": [
        0.06431203124600898,
        -0.6630897742298789,
        -0.00038192542096224133,
        -2.883309298398202,
        -0.3004595410757594,
        2.401566887908511,
        1.099204567945175
    ],
    "O_T_EE": [
        0.9753524669568555,
        -0.06451270854137371,
        0.2109674843242152,
        0.35354158561744364,
        -0.02468463410909616,
        -0.9821869335723684,
        -0.18622811542519915,
        -0.0001286573222398572,
        0.21922358664451283,
        0.17643039663723428,
        -0.9595893963477768,
        0.27797102322763934,
        0.0,
        0.0,
        0.0,
        1.0
    ],
    "camera_intrinsics": [
        [
            633.8876342773438,
            0.0,
            641.9505615234375
        ],
        [
            0.0,
            633.3662109375,
            358.99456787109375
        ],
        [
            0.0,
            0.0,
            1.0
        ]
    ],
    "dist_coeffs": [
        -0.06063492223620415,
        0.07267043739557266,
        -0.000246976938797161,
        0.0005311704007908702,
        -0.02355414256453514
    ],
    "charuco_detected": true,
    "T_cam_target_rvec": [
        [
            0.006496963571406108
        ],
        [
            -0.2581052421991619
        ],
        [
            -1.6347295303804872
        ]
    ],
    "T_cam_target_tvec": [
        [
            -0.19262105978198452
        ],
        [
            0.06403348200065889
        ],
        [
            0.31302489000791417
        ]
    ]
}