{
    "joint_pose": [
        0.06461489721738717,
        -0.6634544279362687,
        -0.0005640856846104972,
        -2.883167725387487,
        -0.30107685125764216,
        2.401910573339895,
        1.0996695992631573
    ],
    "O_T_EE": [
        0.9751501094559987,
        -0.06451426532857858,
        0.21190041292262404,
        0.35368480079628806,
        -0.024485132409001274,
        -0.9821685238851033,
        -0.18635150785978888,
        -8.048201866524668e-05,
        0.22014424639330465,
        0.176532283618831,
        -0.9593598545496912,
        0.2782168004695712,
        0.0,
        0.0,
        0.0,
        1.0
    ],
    "camera_intrinsics": [
        [
            634.578369140625,
            0.0,
            641.9505615234375
        ],
        [
            0.0,
            634.056396484375,
            358.99456787109375
        ],
        [
            0.0,
            0.0,
            1.0
        ]
    ],
    "dist_coeffs": [
        -0.06063492223620415,
        0.07267043739557266,
        -0.000246976938797161,
        0.0005311704007908702,
        -0.02355414256453514
    ],
    "charuco_detected": true,
    "T_cam_target_rvec": [
        [
            0.011329644686673938
        ],
        [
            -0.26323198872772996
        ],
        [
            -1.634511699534539
        ]
    ],
    "T_cam_target_tvec": [
        [
            -0.19283043725660426
        ],
        [
            0.06455031065589732
        ],
        [
            0.31326422908538154
        ]
    ]
}