{
    "joint_pose": [
        0.06463407793484235,
        -0.6634433012208338,
        -0.000574920001815547,
        -2.8831478545404075,
        -0.30106269694341525,
        2.4019516697241836,
        1.099658401548163
    ],
    "O_T_EE": [
        0.9751409336222768,
        -0.06449994308596099,
        0.2119469950153114,
        0.35369836444992486,
        -0.02446888555131532,
        -0.9821745594639324,
        -0.18632182821692722,
        -7.182167044185488e-05,
        0.22018669377453165,
        0.17650393475768902,
        -0.9593553291840732,
        0.27822686101506944,
        0.0,
        0.0,
        0.0,
        1.0
    ],
    "camera_intrinsics": [
        [
            634.578369140625,
            0.0,
            641.9505615234375
        ],
        [
            0.0,
            634.056396484375,
            358.99456787109375
        ],
        [
            0.0,
            0.0,
            1.0
        ]
    ],
    "dist_coeffs": [
        -0.06063492223620415,
        0.07267043739557266,
        -0.000246976938797161,
        0.0005311704007908702,
        -0.02355414256453514
    ],
    "charuco_detected": true,
    "T_cam_target_rvec": [
        [
            0.009482518514773915
        ],
        [
            -0.26225947378796516
        ],
        [
            -1.6344223854517594
        ]
    ],
    "T_cam_target_tvec": [
        [
            -0.1928754244975355
        ],
        [
            0.06448857429749137
        ],
        [
            0.31346709310562915
        ]
    ]
}