{
    "joint_pose": [
        0.06486574303719607,
        -0.6640957498299448,
        -0.0005763003028716827,
        -2.8826718540924476,
        -0.3019571968089294,
        2.4027321952714598,
        1.1001978864305548
    ],
    "O_T_EE": [
        0.9747075408649626,
        -0.06442464665392378,
        0.21395397383873177,
        0.35405950025162664,
        -0.023968046850962724,
        -0.982143536821635,
        -0.1865503222682202,
        1.718325036010372e-05,
        0.22215195117832126,
        0.1767039469967068,
        -0.9588653056296479,
        0.27879474628135886,
        0.0,
        0.0,
        0.0,
        1.0
    ],
    "camera_intrinsics": [
        [
            633.8876342773438,
            0.0,
            641.9505615234375
        ],
        [
            0.0,
            633.3662109375,
            358.99456787109375
        ],
        [
            0.0,
            0.0,
            1.0
        ]
    ],
    "dist_coeffs": [
        -0.06063492223620415,
        0.07267043739557266,
        -0.000246976938797161,
        0.0005311704007908702,
        -0.02355414256453514
    ],
    "charuco_detected": true,
    "T_cam_target_rvec": [
        [
            0.010388524840946697
        ],
        [
            -0.26182808003788266
        ],
        [
            -1.6700449362985021
        ]
    ],
    "T_cam_target_tvec": [
        [
            -0.19087748606426388
        ],
        [
            0.07228166848937392
        ],
        [
            0.31240397663755454
        ]
    ]
}