{
    "joint_pose": [
        0.06463574837069769,
        -0.663433092577586,
        -0.0005465813527838057,
        -2.8831839377419985,
        -0.3009219193899255,
        2.4019264231257966,
        1.0996561231248907
    ],
    "O_T_EE": [
        0.9751561840150885,
        -0.0645501253501682,
        0.21186153302784497,
        0.35367794483650583,
        -0.024550821662374326,
        -0.9821853746750843,
        -0.18625402474063976,
        -5.6859215566133315e-05,
        0.22011001984017337,
        0.17642538930905033,
        -0.9593873717591893,
        0.2782007411086968,
        0.0,
        0.0,
        0.0,
        1.0
    ],
    "camera_intrinsics": [
        [
            634.578369140625,
            0.0,
            641.9505615234375
        ],
        [
            0.0,
            634.056396484375,
            358.99456787109375
        ],
        [
            0.0,
            0.0,
            1.0
        ]
    ],
    "dist_coeffs": [
        -0.06063492223620415,
        0.07267043739557266,
        -0.000246976938797161,
        0.0005311704007908702,
        -0.02355414256453514
    ],
    "charuco_detected": true,
    "T_cam_target_rvec": [
        [
            0.009773870154902504
        ],
        [
            -0.26240525762883904
        ],
        [
            -1.6343886331958906
        ]
    ],
    "T_cam_target_tvec": [
        [
            -0.19282351785006263
        ],
        [
            0.06446709294622194
        ],
        [
            0.3133891783710102
        ]
    ]
}