{
    "joint_pose": [
        0.04741741047324775,
        0.3891427799693325,
        -0.00021260391624203603,
        -1.6268095831167744,
        -0.12729764242263308,
        1.5845638920929697,
        0.8355101662907336
    ],
    "O_T_EE": [
        0.9111775362869239,
        0.05585343766362319,
        -0.40819094271775075,
        0.5716307620031389,
        -0.004967975924234049,
        -0.9891966813554305,
        -0.14644591022481546,
        0.00042390534815945523,
        -0.4119606334135778,
        0.13546610645385557,
        -0.9010736649473334,
        0.2767935388165663,
        0.0,
        0.0,
        0.0,
        1.0
    ],
    "camera_intrinsics": [
        [
            634.578369140625,
            0.0,
            641.9505615234375
        ],
        [
            0.0,
            634.056396484375,
            358.99456787109375
        ],
        [
            0.0,
            0.0,
            1.0
        ]
    ],
    "dist_coeffs": [
        -0.06063492223620415,
        0.07267043739557266,
        -0.000246976938797161,
        0.0005311704007908702,
        -0.02355414256453514
    ],
    "charuco_detected": true,
    "T_cam_target_rvec": [
        [
            0.4835344947105153
        ],
        [
            0.2561050107102323
        ],
        [
            -1.5349047280018453
        ]
    ],
    "T_cam_target_tvec": [
        [
            -0.1878337232172259
        ],
        [
            0.07328864431125326
        ],
        [
            0.3626688522315677
        ]
    ]
}