{
    "joint_pose": [
        0.047170234295650294,
        0.389315870749323,
        -0.00033333091867369176,
        -1.6278711311440661,
        -0.12680403013361824,
        1.5851829761332934,
        0.8350785288908277
    ],
    "O_T_EE": [
        0.9108870297265412,
        0.055837629441268945,
        -0.40884097555060595,
        0.5714145283420268,
        -0.004830947995892754,
        -0.9892813342815308,
        -0.1458775520625958,
        0.0003156387246002253,
        -0.4126042024975368,
        0.1348530595935518,
        -0.9008711320244719,
        0.2762809753469546,
        0.0,
        0.0,
        0.0,
        1.0
    ],
    "camera_intrinsics": [
        [
            633.8876342773438,
            0.0,
            641.9505615234375
        ],
        [
            0.0,
            633.3662109375,
            358.99456787109375
        ],
        [
            0.0,
            0.0,
            1.0
        ]
    ],
    "dist_coeffs": [
        -0.06063492223620415,
        0.07267043739557266,
        -0.000246976938797161,
        0.0005311704007908702,
        -0.02355414256453514
    ],
    "charuco_detected": true,
    "T_cam_target_rvec": [
        [
            0.4790610916331112
        ],
        [
            0.2558223317427231
        ],
        [
            -1.5356200706789362
        ]
    ],
    "T_cam_target_tvec": [
        [
            -0.1871593304656831
        ],
        [
            0.07315238016701156
        ],
        [
            0.36151682088552184
        ]
    ]
}