{
    "joint_pose": [
        0.04738449028516248,
        0.38908480481226115,
        -0.00016526238087348437,
        -1.6269307795060517,
        -0.1272983170525645,
        1.5845841837293224,
        0.8354730063709946
    ],
    "O_T_EE": [
        0.9111574317093593,
        0.05590659055505898,
        -0.40822854287015986,
        0.5716001694423805,
        -0.004912162334518471,
        -0.9891983345148072,
        -0.1464366259271673,
        0.0004297825343131516,
        -0.4120057671965432,
        0.1354321048601441,
        -0.9010581398406946,
        0.276780580389825,
        0.0,
        0.0,
        0.0,
        1.0
    ],
    "camera_intrinsics": [
        [
            634.578369140625,
            0.0,
            641.9505615234375
        ],
        [
            0.0,
            634.056396484375,
            358.99456787109375
        ],
        [
            0.0,
            0.0,
            1.0
        ]
    ],
    "dist_coeffs": [
        -0.06063492223620415,
        0.07267043739557266,
        -0.000246976938797161,
        0.0005311704007908702,
        -0.02355414256453514
    ],
    "charuco_detected": true,
    "T_cam_target_rvec": [
        [
            0.4833537381815574
        ],
        [
            0.25660904510443683
        ],
        [
            -1.535025112231598
        ]
    ],
    "T_cam_target_tvec": [
        [
            -0.1878285837276302
        ],
        [
            0.07331386457420411
        ],
        [
            0.36270856675264807
        ]
    ]
}