{
    "joint_pose": [
        0.04744046159067597,
        0.38799844286239726,
        -0.00024196131410191587,
        -1.6251716005913177,
        -0.12814111111196252,
        1.5839108143132348,
        0.8359527411096626
    ],
    "O_T_EE": [
        0.9120955041100877,
        0.05543478308207379,
        -0.406192934119692,
        0.5720823209708581,
        -0.005438188446211527,
        -0.9890825424917169,
        -0.14719821435294592,
        0.0002595648855718758,
        -0.4099182411039996,
        0.1364677832456174,
        -0.9018536388807997,
        0.2780878691928804,
        0.0,
        0.0,
        0.0,
        1.0
    ],
    "camera_intrinsics": [
        [
            633.8876342773438,
            0.0,
            641.9505615234375
        ],
        [
            0.0,
            633.3662109375,
            358.99456787109375
        ],
        [
            0.0,
            0.0,
            1.0
        ]
    ],
    "dist_coeffs": [
        -0.06063492223620415,
        0.07267043739557266,
        -0.000246976938797161,
        0.0005311704007908702,
        -0.02355414256453514
    ],
    "charuco_detected": true,
    "T_cam_target_rvec": [
        [
            0.4756586364267527
        ],
        [
            0.2622886996975705
        ],
        [
            -1.5717731764081924
        ]
    ],
    "T_cam_target_tvec": [
        [
            -0.1869828766522599
        ],
        [
            0.08016237911062693
        ],
        [
            0.36592561290733067
        ]
    ]
}