{
    "joint_pose": [
        0.04741350545846224,
        0.38906730879817086,
        -0.00020403533194686724,
        -1.6269876885818928,
        -0.12724267029044378,
        1.5845719029573035,
        0.8355094542139138
    ],
    "O_T_EE": [
        0.9111373984281051,
        0.05584869365078978,
        -0.4082811786884109,
        0.5715791903962053,
        -0.004964251618960553,
        -0.9892043396055642,
        -0.14639429712710694,
        0.00043545691414419667,
        -0.4120494439903254,
        0.13541212953139836,
        -0.9010411693687821,
        0.27676840716030315,
        0.0,
        0.0,
        0.0,
        1.0
    ],
    "camera_intrinsics": [
        [
            634.578369140625,
            0.0,
            641.9505615234375
        ],
        [
            0.0,
            634.056396484375,
            358.99456787109375
        ],
        [
            0.0,
            0.0,
            1.0
        ]
    ],
    "dist_coeffs": [
        -0.06063492223620415,
        0.07267043739557266,
        -0.000246976938797161,
        0.0005311704007908702,
        -0.02355414256453514
    ],
    "charuco_detected": true,
    "T_cam_target_rvec": [
        [
            0.48308212155303687
        ],
        [
            0.25695408742811127
        ],
        [
            -1.5350186435176212
        ]
    ],
    "T_cam_target_tvec": [
        [
            -0.18774654830412563
        ],
        [
            0.07324471565109056
        ],
        [
            0.3626629618479796
        ]
    ]
}