{
    "joint_pose": [
        0.36965750784622997,
        0.21988768025446795,
        -0.00032255252612757536,
        -1.8873594489850494,
        -0.2826505843732092,
        1.6855541785364092,
        1.1575488759153725
    ],
    "O_T_EE": [
        0.9542619870331412,
        0.14235429152640816,
        -0.26287143835862414,
        0.5048446070836412,
        0.026841959990858602,
        -0.9165802838242608,
        -0.398928443963312,
        0.13592791710308713,
        -0.2977319535901691,
        0.37362626498930757,
        -0.8784957048798127,
        0.2768512228096751,
        0.0,
        0.0,
        0.0,
        1.0
    ],
    "camera_intrinsics": [
        [
            633.8876342773438,
            0.0,
            641.9505615234375
        ],
        [
            0.0,
            633.3662109375,
            358.99456787109375
        ],
        [
            0.0,
            0.0,
            1.0
        ]
    ],
    "dist_coeffs": [
        -0.06063492223620415,
        0.07267043739557266,
        -0.000246976938797161,
        0.0005311704007908702,
        -0.02355414256453514
    ],
    "charuco_detected": true,
    "T_cam_target_rvec": [
        [
            0.5741933829840226
        ],
        [
            -0.060980314416521304
        ],
        [
            -1.4743260528260256
        ]
    ],
    "T_cam_target_tvec": [
        [
            -0.13196922982083392
        ],
        [
            0.04849627420826155
        ],
        [
            0.327842945844618
        ]
    ]
}