{
    "joint_pose": [
        0.3693437327878572,
        0.21973013310259995,
        -0.00012037609761535891,
        -1.8863462892331573,
        -0.2823390010926458,
        1.685167788867811,
        1.1571868409746333
    ],
    "O_T_EE": [
        0.9544146403917813,
        0.14211853154045453,
        -0.2624444516411853,
        0.5050882772551711,
        0.026979683838724938,
        -0.9168201692179964,
        -0.39836751408597787,
        0.13601091774979174,
        -0.29722977267931616,
        0.3731271193696295,
        -0.8788778262783261,
        0.27729498279320197,
        0.0,
        0.0,
        0.0,
        1.0
    ],
    "camera_intrinsics": [
        [
            634.578369140625,
            0.0,
            641.9505615234375
        ],
        [
            0.0,
            634.056396484375,
            358.99456787109375
        ],
        [
            0.0,
            0.0,
            1.0
        ]
    ],
    "dist_coeffs": [
        -0.06063492223620415,
        0.07267043739557266,
        -0.000246976938797161,
        0.0005311704007908702,
        -0.02355414256453514
    ],
    "charuco_detected": true,
    "T_cam_target_rvec": [
        [
            0.5762548313993888
        ],
        [
            -0.05919343106665477
        ],
        [
            -1.4734602101849374
        ]
    ],
    "T_cam_target_tvec": [
        [
            -0.1324009459793829
        ],
        [
            0.04872282268278186
        ],
        [
            0.32928426875571426
        ]
    ]
}