{
    "joint_pose": [
        0.3691473162816578,
        0.21883558155287722,
        -0.00018276656828893935,
        -1.8849041427645767,
        -0.2816015609802508,
        1.684496722908877,
        1.1567692875361961
    ],
    "O_T_EE": [
        0.9547886858375481,
        0.14127212821070306,
        -0.2615393183725745,
        0.5054305652766253,
        0.026931887505770455,
        -0.9173317382098937,
        -0.3971913138480744,
        0.13612784402356318,
        -0.29603037974706725,
        0.37219002507434595,
        -0.879679626425922,
        0.278267353682537,
        0.0,
        0.0,
        0.0,
        1.0
    ],
    "camera_intrinsics": [
        [
            633.8876342773438,
            0.0,
            641.9505615234375
        ],
        [
            0.0,
            633.3662109375,
            358.99456787109375
        ],
        [
            0.0,
            0.0,
            1.0
        ]
    ],
    "dist_coeffs": [
        -0.06063492223620415,
        0.07267043739557266,
        -0.000246976938797161,
        0.0005311704007908702,
        -0.02355414256453514
    ],
    "charuco_detected": true,
    "T_cam_target_rvec": [
        [
            0.5765817415762918
        ],
        [
            -0.04833435027784324
        ],
        [
            -1.5095450715111243
        ]
    ],
    "T_cam_target_tvec": [
        [
            -0.13171558027504793
        ],
        [
            0.05561573418930547
        ],
        [
            0.3319842149022629
        ]
    ]
}