{
    "joint_pose": [
        0.3693437327878517,
        0.2197557034827115,
        -0.00015460964004313334,
        -1.8863784787529392,
        -0.28235468824042215,
        1.6851217911479373,
        1.1571826654705737
    ],
    "O_T_EE": [
        0.9543897182311782,
        0.14212088551018673,
        -0.2625337950399476,
        0.5050735785010855,
        0.026930181676718918,
        -0.9168019392543781,
        -0.3984128166779141,
        0.1359814047590228,
        -0.29731427471730826,
        0.3731710130522203,
        -0.878830605958107,
        0.2772713470569537,
        0.0,
        0.0,
        0.0,
        1.0
    ],
    "camera_intrinsics": [
        [
            634.578369140625,
            0.0,
            641.9505615234375
        ],
        [
            0.0,
            634.056396484375,
            358.99456787109375
        ],
        [
            0.0,
            0.0,
            1.0
        ]
    ],
    "dist_coeffs": [
        -0.06063492223620415,
        0.07267043739557266,
        -0.000246976938797161,
        0.0005311704007908702,
        -0.02355414256453514
    ],
    "charuco_detected": true,
    "T_cam_target_rvec": [
        [
            0.5763968244700322
        ],
        [
            -0.058962414942366995
        ],
        [
            -1.4737250440695493
        ]
    ],
    "T_cam_target_tvec": [
        [
            -0.13239489071808153
        ],
        [
            0.04867411467231974
        ],
        [
            0.32915332799690844
        ]
    ]
}