{
    "joint_pose": [
        0.3693666273865525,
        0.2197506065539516,
        -0.00014331521763539823,
        -1.886371964921867,
        -0.28230746106122606,
        1.6850845668350798,
        1.1571849168536976
    ],
    "O_T_EE": [
        0.9543792650519655,
        0.14213305644549934,
        -0.2625652050892206,
        0.5050593615838675,
        0.02693687079829582,
        -0.9168117728269103,
        -0.3983897348607719,
        0.13600340482252926,
        -0.29734722183278306,
        0.3731422173550545,
        -0.8788316859524463,
        0.2772743763578946,
        0.0,
        0.0,
        0.0,
        1.0
    ],
    "camera_intrinsics": [
        [
            634.578369140625,
            0.0,
            641.9505615234375
        ],
        [
            0.0,
            634.056396484375,
            358.99456787109375
        ],
        [
            0.0,
            0.0,
            1.0
        ]
    ],
    "dist_coeffs": [
        -0.06063492223620415,
        0.07267043739557266,
        -0.000246976938797161,
        0.0005311704007908702,
        -0.02355414256453514
    ],
    "charuco_detected": true,
    "T_cam_target_rvec": [
        [
            0.5768186979387339
        ],
        [
            -0.058905633249047414
        ],
        [
            -1.4735413293495048
        ]
    ],
    "T_cam_target_tvec": [
        [
            -0.13236416401409282
        ],
        [
            0.04862567688119438
        ],
        [
            0.3291988209682894
        ]
    ]
}